\c library;

INSERT INTO users (user_id)
VALUES
(1),
(2),
(3),
(4),
(5),
(6),
(7),
(8),
(9),
(10),
(11),
(12),
(13),
(14),
(15),
(16),
(17),
(18),
(19),
(20),
(21),
(22),
(23),
(24),
(25),
(26),
(27),
(28),
(29),
(30),
(31),
(32),
(33),
(34),
(35),
(36),
(37),
(38),
(39),
(40),
(41),
(42),
(43),
(44),
(45),
(46),
(47),
(48),
(49),
(50),
(51),
(52),
(53),
(54),
(55),
(56),
(57),
(58),
(59),
(60),
(61),
(62),
(63),
(64),
(65),
(66),
(67),
(68),
(69),
(70),
(71),
(72),
(73),
(74),
(75),
(76),
(77),
(78),
(79),
(80),
(81),
(82),
(83),
(84),
(85),
(86),
(87),
(88),
(89),
(90),
(91),
(92),
(93),
(94),
(95),
(96),
(97),
(98),
(99),
(100),
(101),
(102),
(103),
(104),
(105),
(106),
(107),
(108),
(109),
(110),
(111),
(112),
(113),
(114),
(115),
(116),
(117),
(118),
(119),
(120);

INSERT INTO users_info (user_id, name)
VALUES
(1, '홍길동'),
(2, '김철수'),
(3, '이영희'),
(4, '박민수'),
(5, '최수진'),
(6, '정준호'),
(7, '강은지'),
(8, '윤성호'),
(9, '한지혜'),
(10, '임동현'),
(11, '오서연'),
(12, '장민준'),
(13, '서유진'),
(14, '권건우'),
(15, '황하은'),
(16, '송지우'),
(17, '정도윤'),
(18, '신가은'),
(19, '안시우'),
(20, '문서현'),
(21, '손예준'),
(22, '배하윤'),
(23, '허은우'),
(24, '노지호'),
(25, '임윤서'),
(26, '조준서'),
(27, '강민서'),
(28, '유유빈'),
(29, '진지안'),
(30, '나현우'),
(31, '차수아'),
(32, '류건우'),
(33, '변아린'),
(34, '고서준'),
(35, '엄예은'),
(36, '조시현'),
(37, '홍지율'),
(38, '길선우'),
(39, '마채은'),
(40, '표이한'),
(41, '김혜진'),
(42, '이승민'),
(43, '박지연'),
(44, '최현수'),
(45, '정선영'),
(46, '강상훈'),
(47, '윤미영'),
(48, '한경민'),
(49, '임승현'),
(50, '오지수'),
(51, '장도현'),
(52, '서소연'),
(53, '권재원'),
(54, '황은서'),
(55, '송태민'),
(56, '정유나'),
(57, '신서진'),
(58, '안지훈'),
(59, '문채원'),
(60, '손민재'),
(61, '배승호'),
(62, '허예서'),
(63, '노동준'),
(64, '임수민'),
(65, '조우진'),
(66, '강다연'),
(67, '유해준'),
(68, '진서아'),
(69, '나건'),
(70, '차유리'),
(71, '류정우'),
(72, '변하율'),
(73, '고시원'),
(74, '엄지우'),
(75, '조민혁'),
(76, '홍나린'),
(77, '길주원'),
(78, '마예린'),
(79, '표영준'),
(80, '김소은'),
(81, '이재현'),
(82, '박민지'),
(83, '최성민'),
(84, '정현주'),
(85, '강동욱'),
(86, '윤수지'),
(87, '한영호'),
(88, '임보미'),
(89, '오준영'),
(90, '장새라'),
(91, '서민호'),
(92, '권은하'),
(93, '황상우'),
(94, '송슬기'),
(95, '정태현'),
(96, '신유정'),
(97, '안준우'),
(98, '문해인'),
(99, '손영재'),
(100, '배서아'),
(101, '허다니엘'),
(102, '노엘리자베스'),
(103, '임레오'),
(104, '조은혜'),
(105, '강케빈'),
(106, '유에밀리'),
(107, '진피터'),
(108, '나신디'),
(109, '차브라이언'),
(110, '류제니'),
(111, '변알렉스'),
(112, '고수잔'),
(113, '엄요한'),
(114, '조루나'),
(115, '홍톰'),
(116, '길안나'),
(117, '마에릭'),
(118, '표클라라'),
(119, '김제임스'),
(120, '이루시');

INSERT INTO users_secret (user_id, email, password_hash)
VALUES
(1, 'gildong.hong@example.com', 'pbkdf2:sha256:150000$1a2b3c4d$a1b2c3d4e5f6a7b8c9d0e1f2a3b4c5d6'),
(2, 'cheolsu.kim@example.com', 'pbkdf2:sha256:150000$1a2b3c4d$a1b2c3d4e5f6a7b8c9d0e1f2a3b4c5d6'),
(3, 'younghee.lee@example.com', 'pbkdf2:sha256:150000$1a2b3c4d$a1b2c3d4e5f6a7b8c9d0e1f2a3b4c5d6'),
(4, 'minsu.park@example.com', 'pbkdf2:sha256:150000$1a2b3c4d$a1b2c3d4e5f6a7b8c9d0e1f2a3b4c5d6'),
(5, 'soojin.choi@example.com', 'pbkdf2:sha256:150000$1a2b3c4d$a1b2c3d4e5f6a7b8c9d0e1f2a3b4c5d6'),
(6, 'junho.jeong@example.com', 'pbkdf2:sha256:150000$1a2b3c4d$a1b2c3d4e5f6a7b8c9d0e1f2a3b4c5d6'),
(7, 'eunji.kang@example.com', 'pbkdf2:sha256:150000$1a2b3c4d$a1b2c3d4e5f6a7b8c9d0e1f2a3b4c5d6'),
(8, 'seongho.yoon@example.com', 'pbkdf2:sha256:150000$1a2b3c4d$a1b2c3d4e5f6a7b8c9d0e1f2a3b4c5d6'),
(9, 'jihye.han@example.com', 'pbkdf2:sha256:150000$1a2b3c4d$a1b2c3d4e5f6a7b8c9d0e1f2a3b4c5d6'),
(10, 'donghyun.lim@example.com', 'pbkdf2:sha256:150000$1a2b3c4d$a1b2c3d4e5f6a7b8c9d0e1f2a3b4c5d6'),
(11, 'seoyeon.oh@example.com', 'pbkdf2:sha256:150000$1a2b3c4d$a1b2c3d4e5f6a7b8c9d0e1f2a3b4c5d6'),
(12, 'minjun.jang@example.com', 'pbkdf2:sha256:150000$1a2b3c4d$a1b2c3d4e5f6a7b8c9d0e1f2a3b4c5d6'),
(13, 'yujin.seo@example.com', 'pbkdf2:sha256:150000$1a2b3c4d$a1b2c3d4e5f6a7b8c9d0e1f2a3b4c5d6'),
(14, 'gunwoo.kwon@example.com', 'pbkdf2:sha256:150000$1a2b3c4d$a1b2c3d4e5f6a7b8c9d0e1f2a3b4c5d6'),
(15, 'haeun.hwang@example.com', 'pbkdf2:sha256:150000$1a2b3c4d$a1b2c3d4e5f6a7b8c9d0e1f2a3b4c5d6'),
(16, 'jiwoo.song@example.com', 'pbkdf2:sha256:150000$1a2b3c4d$a1b2c3d4e5f6a7b8c9d0e1f2a3b4c5d6'),
(17, 'doyoon.jung@example.com', 'pbkdf2:sha256:150000$1a2b3c4d$a1b2c3d4e5f6a7b8c9d0e1f2a3b4c5d6'),
(18, 'gaeun.shin@example.com', 'pbkdf2:sha256:150000$1a2b3c4d$a1b2c3d4e5f6a7b8c9d0e1f2a3b4c5d6'),
(19, 'siwoo.ahn@example.com', 'pbkdf2:sha256:150000$1a2b3c4d$a1b2c3d4e5f6a7b8c9d0e1f2a3b4c5d6'),
(20, 'seohyun.moon@example.com', 'pbkdf2:sha256:150000$1a2b3c4d$a1b2c3d4e5f6a7b8c9d0e1f2a3b4c5d6'),
(21, 'yejun.son@example.com', 'pbkdf2:sha256:150000$1a2b3c4d$a1b2c3d4e5f6a7b8c9d0e1f2a3b4c5d6'),
(22, 'hayoon.bae@example.com', 'pbkdf2:sha256:150000$1a2b3c4d$a1b2c3d4e5f6a7b8c9d0e1f2a3b4c5d6'),
(23, 'eunwoo.heo@example.com', 'pbkdf2:sha256:150000$1a2b3c4d$a1b2c3d4e5f6a7b8c9d0e1f2a3b4c5d6'),
(24, 'jiho.noh@example.com', 'pbkdf2:sha256:150000$1a2b3c4d$a1b2c3d4e5f6a7b8c9d0e1f2a3b4c5d6'),
(25, 'yoonseo.im@example.com', 'pbkdf2:sha256:150000$1a2b3c4d$a1b2c3d4e5f6a7b8c9d0e1f2a3b4c5d6'),
(26, 'junseo.cho@example.com', 'pbkdf2:sha256:150000$1a2b3c4d$a1b2c3d4e5f6a7b8c9d0e1f2a3b4c5d6'),
(27, 'minseo.kang@example.com', 'pbkdf2:sha256:150000$1a2b3c4d$a1b2c3d4e5f6a7b8c9d0e1f2a3b4c5d6'),
(28, 'yubin.yoo@example.com', 'pbkdf2:sha256:150000$1a2b3c4d$a1b2c3d4e5f6a7b8c9d0e1f2a3b4c5d6'),
(29, 'jian.jin@example.com', 'pbkdf2:sha256:150000$1a2b3c4d$a1b2c3d4e5f6a7b8c9d0e1f2a3b4c5d6'),
(30, 'hyunwoo.na@example.com', 'pbkdf2:sha256:150000$1a2b3c4d$a1b2c3d4e5f6a7b8c9d0e1f2a3b4c5d6'),
(31, 'sua.cha@example.com', 'pbkdf2:sha256:150000$1a2b3c4d$a1b2c3d4e5f6a7b8c9d0e1f2a3b4c5d6'),
(32, 'geonu.ryu@example.com', 'pbkdf2:sha256:150000$1a2b3c4d$a1b2c3d4e5f6a7b8c9d0e1f2a3b4c5d6'),
(33, 'arin.byun@example.com', 'pbkdf2:sha256:150000$1a2b3c4d$a1b2c3d4e5f6a7b8c9d0e1f2a3b4c5d6'),
(34, 'seojun.go@example.com', 'pbkdf2:sha256:150000$1a2b3c4d$a1b2c3d4e5f6a7b8c9d0e1f2a3b4c5d6'),
(35, 'yeeun.um@example.com', 'pbkdf2:sha256:150000$1a2b3c4d$a1b2c3d4e5f6a7b8c9d0e1f2a3b4c5d6'),
(36, 'sihyun.jo@example.com', 'pbkdf2:sha256:150000$1a2b3c4d$a1b2c3d4e5f6a7b8c9d0e1f2a3b4c5d6'),
(37, 'jiyul.hong@example.com', 'pbkdf2:sha256:150000$1a2b3c4d$a1b2c3d4e5f6a7b8c9d0e1f2a3b4c5d6'),
(38, 'seonwoo.gil@example.com', 'pbkdf2:sha256:150000$1a2b3c4d$a1b2c3d4e5f6a7b8c9d0e1f2a3b4c5d6'),
(39, 'chaeun.ma@example.com', 'pbkdf2:sha256:150000$1a2b3c4d$a1b2c3d4e5f6a7b8c9d0e1f2a3b4c5d6'),
(40, 'yihan.pi@example.com', 'pbkdf2:sha256:150000$1a2b3c4d$a1b2c3d4e5f6a7b8c9d0e1f2a3b4c5d6'),
(41, 'hyejin.kim@example.com', 'pbkdf2:sha256:150000$1a2b3c4d$a1b2c3d4e5f6a7b8c9d0e1f2a3b4c5d6'),
(42, 'seungmin.lee@example.com', 'pbkdf2:sha256:150000$1a2b3c4d$a1b2c3d4e5f6a7b8c9d0e1f2a3b4c5d6'),
(43, 'jiyeon.park@example.com', 'pbkdf2:sha256:150000$1a2b3c4d$a1b2c3d4e5f6a7b8c9d0e1f2a3b4c5d6'),
(44, 'hyunsoo.choi@example.com', 'pbkdf2:sha256:150000$1a2b3c4d$a1b2c3d4e5f6a7b8c9d0e1f2a3b4c5d6'),
(45, 'sunyoung.jeong@example.com', 'pbkdf2:sha256:150000$1a2b3c4d$a1b2c3d4e5f6a7b8c9d0e1f2a3b4c5d6'),
(46, 'sanghoon.kang@example.com', 'pbkdf2:sha256:150000$1a2b3c4d$a1b2c3d4e5f6a7b8c9d0e1f2a3b4c5d6'),
(47, 'miyoung.yoon@example.com', 'pbkdf2:sha256:150000$1a2b3c4d$a1b2c3d4e5f6a7b8c9d0e1f2a3b4c5d6'),
(48, 'kyungmin.han@example.com', 'pbkdf2:sha256:150000$1a2b3c4d$a1b2c3d4e5f6a7b8c9d0e1f2a3b4c5d6'),
(49, 'seunghyun.lim@example.com', 'pbkdf2:sha256:150000$1a2b3c4d$a1b2c3d4e5f6a7b8c9d0e1f2a3b4c5d6'),
(50, 'jisoo.oh@example.com', 'pbkdf2:sha256:150000$1a2b3c4d$a1b2c3d4e5f6a7b8c9d0e1f2a3b4c5d6'),
(51, 'dohyun.jang@example.com', 'pbkdf2:sha256:150000$1a2b3c4d$a1b2c3d4e5f6a7b8c9d0e1f2a3b4c5d6'),
(52, 'soyeon.seo@example.com', 'pbkdf2:sha256:150000$1a2b3c4d$a1b2c3d4e5f6a7b8c9d0e1f2a3b4c5d6'),
(53, 'jaewon.kwon@example.com', 'pbkdf2:sha256:150000$1a2b3c4d$a1b2c3d4e5f6a7b8c9d0e1f2a3b4c5d6'),
(54, 'eunseo.hwang@example.com', 'pbkdf2:sha256:150000$1a2b3c4d$a1b2c3d4e5f6a7b8c9d0e1f2a3b4c5d6'),
(55, 'taemin.song@example.com', 'pbkdf2:sha256:150000$1a2b3c4d$a1b2c3d4e5f6a7b8c9d0e1f2a3b4c5d6'),
(56, 'yuna.jung@example.com', 'pbkdf2:sha256:150000$1a2b3c4d$a1b2c3d4e5f6a7b8c9d0e1f2a3b4c5d6'),
(57, 'seojin.shin@example.com', 'pbkdf2:sha256:150000$1a2b3c4d$a1b2c3d4e5f6a7b8c9d0e1f2a3b4c5d6'),
(58, 'jihoon.ahn@example.com', 'pbkdf2:sha256:150000$1a2b3c4d$a1b2c3d4e5f6a7b8c9d0e1f2a3b4c5d6'),
(59, 'chaewon.moon@example.com', 'pbkdf2:sha256:150000$1a2b3c4d$a1b2c3d4e5f6a7b8c9d0e1f2a3b4c5d6'),
(60, 'minjae.son@example.com', 'pbkdf2:sha256:150000$1a2b3c4d$a1b2c3d4e5f6a7b8c9d0e1f2a3b4c5d6'),
(61, 'seungho.bae@example.com', 'pbkdf2:sha256:150000$1a2b3c4d$a1b2c3d4e5f6a7b8c9d0e1f2a3b4c5d6'),
(62, 'yeseo.heo@example.com', 'pbkdf2:sha256:150000$1a2b3c4d$a1b2c3d4e5f6a7b8c9d0e1f2a3b4c5d6'),
(63, 'dongjun.noh@example.com', 'pbkdf2:sha256:150000$1a2b3c4d$a1b2c3d4e5f6a7b8c9d0e1f2a3b4c5d6'),
(64, 'soomin.im@example.com', 'pbkdf2:sha256:150000$1a2b3c4d$a1b2c3d4e5f6a7b8c9d0e1f2a3b4c5d6'),
(65, 'woojin.cho@example.com', 'pbkdf2:sha256:150000$1a2b3c4d$a1b2c3d4e5f6a7b8c9d0e1f2a3b4c5d6'),
(66, 'dayeon.kang@example.com', 'pbkdf2:sha256:150000$1a2b3c4d$a1b2c3d4e5f6a7b8c9d0e1f2a3b4c5d6'),
(67, 'haejun.yoo@example.com', 'pbkdf2:sha256:150000$1a2b3c4d$a1b2c3d4e5f6a7b8c9d0e1f2a3b4c5d6'),
(68, 'seoa.jin@example.com', 'pbkdf2:sha256:150000$1a2b3c4d$a1b2c3d4e5f6a7b8c9d0e1f2a3b4c5d6'),
(69, 'geon.na@example.com', 'pbkdf2:sha256:150000$1a2b3c4d$a1b2c3d4e5f6a7b8c9d0e1f2a3b4c5d6'),
(70, 'yuri.cha@example.com', 'pbkdf2:sha256:150000$1a2b3c4d$a1b2c3d4e5f6a7b8c9d0e1f2a3b4c5d6'),
(71, 'jeongwoo.ryu@example.com', 'pbkdf2:sha256:150000$1a2b3c4d$a1b2c3d4e5f6a7b8c9d0e1f2a3b4c5d6'),
(72, 'hayul.byun@example.com', 'pbkdf2:sha256:150000$1a2b3c4d$a1b2c3d4e5f6a7b8c9d0e1f2a3b4c5d6'),
(73, 'siwon.go@example.com', 'pbkdf2:sha256:150000$1a2b3c4d$a1b2c3d4e5f6a7b8c9d0e1f2a3b4c5d6'),
(74, 'jiwoo.um@example.com', 'pbkdf2:sha256:150000$1a2b3c4d$a1b2c3d4e5f6a7b8c9d0e1f2a3b4c5d6'),
(75, 'minhyuk.jo@example.com', 'pbkdf2:sha256:150000$1a2b3c4d$a1b2c3d4e5f6a7b8c9d0e1f2a3b4c5d6'),
(76, 'narin.hong@example.com', 'pbkdf2:sha256:150000$1a2b3c4d$a1b2c3d4e5f6a7b8c9d0e1f2a3b4c5d6'),
(77, 'juwon.gil@example.com', 'pbkdf2:sha256:150000$1a2b3c4d$a1b2c3d4e5f6a7b8c9d0e1f2a3b4c5d6'),
(78, 'yerin.ma@example.com', 'pbkdf2:sha256:150000$1a2b3c4d$a1b2c3d4e5f6a7b8c9d0e1f2a3b4c5d6'),
(79, 'yeongjun.pi@example.com', 'pbkdf2:sha256:150000$1a2b3c4d$a1b2c3d4e5f6a7b8c9d0e1f2a3b4c5d6'),
(80, 'soeun.kim@example.com', 'pbkdf2:sha256:150000$1a2b3c4d$a1b2c3d4e5f6a7b8c9d0e1f2a3b4c5d6'),
(81, 'jaehyun.lee@example.com', 'pbkdf2:sha256:150000$1a2b3c4d$a1b2c3d4e5f6a7b8c9d0e1f2a3b4c5d6'),
(82, 'minji.park@example.com', 'pbkdf2:sha256:150000$1a2b3c4d$a1b2c3d4e5f6a7b8c9d0e1f2a3b4c5d6'),
(83, 'sungmin.choi@example.com', 'pbkdf2:sha256:150000$1a2b3c4d$a1b2c3d4e5f6a7b8c9d0e1f2a3b4c5d6'),
(84, 'hyunjoo.jeong@example.com', 'pbkdf2:sha256:150000$1a2b3c4d$a1b2c3d4e5f6a7b8c9d0e1f2a3b4c5d6'),
(85, 'dongwook.kang@example.com', 'pbkdf2:sha256:150000$1a2b3c4d$a1b2c3d4e5f6a7b8c9d0e1f2a3b4c5d6'),
(86, 'suji.yoon@example.com', 'pbkdf2:sha256:150000$1a2b3c4d$a1b2c3d4e5f6a7b8c9d0e1f2a3b4c5d6'),
(87, 'youngho.han@example.com', 'pbkdf2:sha256:150000$1a2b3c4d$a1b2c3d4e5f6a7b8c9d0e1f2a3b4c5d6'),
(88, 'boomi.lim@example.com', 'pbkdf2:sha256:150000$1a2b3c4d$a1b2c3d4e5f6a7b8c9d0e1f2a3b4c5d6'),
(89, 'junyoung.oh@example.com', 'pbkdf2:sha256:150000$1a2b3c4d$a1b2c3d4e5f6a7b8c9d0e1f2a3b4c5d6'),
(90, 'sarah.jang@example.com', 'pbkdf2:sha256:150000$1a2b3c4d$a1b2c3d4e5f6a7b8c9d0e1f2a3b4c5d6'),
(91, 'minho.seo@example.com', 'pbkdf2:sha256:150000$1a2b3c4d$a1b2c3d4e5f6a7b8c9d0e1f2a3b4c5d6'),
(92, 'eunha.kwon@example.com', 'pbkdf2:sha256:150000$1a2b3c4d$a1b2c3d4e5f6a7b8c9d0e1f2a3b4c5d6'),
(93, 'sangwoo.hwang@example.com', 'pbkdf2:sha256:150000$1a2b3c4d$a1b2c3d4e5f6a7b8c9d0e1f2a3b4c5d6'),
(94, 'seulgi.song@example.com', 'pbkdf2:sha256:150000$1a2b3c4d$a1b2c3d4e5f6a7b8c9d0e1f2a3b4c5d6'),
(95, 'taehyun.jung@example.com', 'pbkdf2:sha256:150000$1a2b3c4d$a1b2c3d4e5f6a7b8c9d0e1f2a3b4c5d6'),
(96, 'yujung.shin@example.com', 'pbkdf2:sha256:150000$1a2b3c4d$a1b2c3d4e5f6a7b8c9d0e1f2a3b4c5d6'),
(97, 'junwoo.ahn@example.com', 'pbkdf2:sha256:150000$1a2b3c4d$a1b2c3d4e5f6a7b8c9d0e1f2a3b4c5d6'),
(98, 'haein.moon@example.com', 'pbkdf2:sha256:150000$1a2b3c4d$a1b2c3d4e5f6a7b8c9d0e1f2a3b4c5d6'),
(99, 'youngjae.son@example.com', 'pbkdf2:sha256:150000$1a2b3c4d$a1b2c3d4e5f6a7b8c9d0e1f2a3b4c5d6'),
(100, 'chloe.bae@example.com', 'pbkdf2:sha256:150000$1a2b3c4d$a1b2c3d4e5f6a7b8c9d0e1f2a3b4c5d6'),
(101, 'daniel.heo@example.com', 'pbkdf2:sha256:150000$1a2b3c4d$a1b2c3d4e5f6a7b8c9d0e1f2a3b4c5d6'),
(102, 'elizabeth.noh@example.com', 'pbkdf2:sha256:150000$1a2b3c4d$a1b2c3d4e5f6a7b8c9d0e1f2a3b4c5d6'),
(103, 'leo.im@example.com', 'pbkdf2:sha256:150000$1a2b3c4d$a1b2c3d4e5f6a7b8c9d0e1f2a3b4c5d6'),
(104, 'grace.cho@example.com', 'pbkdf2:sha256:150000$1a2b3c4d$a1b2c3d4e5f6a7b8c9d0e1f2a3b4c5d6'),
(105, 'kevin.kang@example.com', 'pbkdf2:sha256:150000$1a2b3c4d$a1b2c3d4e5f6a7b8c9d0e1f2a3b4c5d6'),
(106, 'emily.yoo@example.com', 'pbkdf2:sha256:150000$1a2b3c4d$a1b2c3d4e5f6a7b8c9d0e1f2a3b4c5d6'),
(107, 'peter.jin@example.com', 'pbkdf2:sha256:150000$1a2b3c4d$a1b2c3d4e5f6a7b8c9d0e1f2a3b4c5d6'),
(108, 'cindy.na@example.com', 'pbkdf2:sha256:150000$1a2b3c4d$a1b2c3d4e5f6a7b8c9d0e1f2a3b4c5d6'),
(109, 'brian.cha@example.com', 'pbkdf2:sha256:150000$1a2b3c4d$a1b2c3d4e5f6a7b8c9d0e1f2a3b4c5d6'),
(110, 'jenny.ryu@example.com', 'pbkdf2:sha256:150000$1a2b3c4d$a1b2c3d4e5f6a7b8c9d0e1f2a3b4c5d6'),
(111, 'alex.byun@example.com', 'pbkdf2:sha256:150000$1a2b3c4d$a1b2c3d4e5f6a7b8c9d0e1f2a3b4c5d6'),
(112, 'susan.go@example.com', 'pbkdf2:sha256:150000$1a2b3c4d$a1b2c3d4e5f6a7b8c9d0e1f2a3b4c5d6'),
(113, 'john.um@example.com', 'pbkdf2:sha256:150000$1a2b3c4d$a1b2c3d4e5f6a7b8c9d0e1f2a3b4c5d6'),
(114, 'luna.jo@example.com', 'pbkdf2:sha256:150000$1a2b3c4d$a1b2c3d4e5f6a7b8c9d0e1f2a3b4c5d6'),
(115, 'tom.hong@example.com', 'pbkdf2:sha256:150000$1a2b3c4d$a1b2c3d4e5f6a7b8c9d0e1f2a3b4c5d6'),
(116, 'anna.gil@example.com', 'pbkdf2:sha256:150000$1a2b3c4d$a1b2c3d4e5f6a7b8c9d0e1f2a3b4c5d6'),
(117, 'eric.ma@example.com', 'pbkdf2:sha256:150000$1a2b3c4d$a1b2c3d4e5f6a7b8c9d0e1f2a3b4c5d6'),
(118, 'clara.pi@example.com', 'pbkdf2:sha256:150000$1a2b3c4d$a1b2c3d4e5f6a7b8c9d0e1f2a3b4c5d6'),
(119, 'james.kim@example.com', 'pbkdf2:sha256:150000$1a2b3c4d$a1b2c3d4e5f6a7b8c9d0e1f2a3b4c5d6'),
(120, 'lucy.lee@example.com', 'pbkdf2:sha256:150000$1a2b3c4d$a1b2c3d4e5f6a7b8c9d0e1f2a3b4c5d6');
